{
  "project_info": {
    "project_number": "950838425772",
    "project_id": "unamdiplomado-dbf32",
    "storage_bucket": "unamdiplomado-dbf32.appspot.com"
  },
  "client": [
    {
      "client_info": {
        "mobilesdk_app_id": "1:950838425772:android:8e0fb9638839e4231bc709",
        "android_client_info": {
          "package_name": "mx.com.android.purchasesalecars"
        }
      },
      "oauth_client": [
        {
          "client_id": "950838425772-4vnquk18og8t8oislbqbqo4l44nn6bnh.apps.googleusercontent.com",
          "client_type": 3
        }
      ],
      "api_key": [
        {
          "current_key": "AIzaSyCUXis7Tuof1xoM5L-YGxv9x1GHsXg0ijE"
        }
      ],
      "services": {
        "appinvite_service": {
          "other_platform_oauth_client": [
            {
              "client_id": "950838425772-4vnquk18og8t8oislbqbqo4l44nn6bnh.apps.googleusercontent.com",
              "client_type": 3
            }
          ]
        }
      }
    }
  ],
  "configuration_version": "1"
}
